gen,batch_baseline_loss,hypervolume,front_size,n_feasible,n_parents,n_offspring,n_reused,best_delta_loss,min_size_mb,seconds,peak_gpu_mb
1,2.655636351808549,0.25795154227396844,12,31,0,100,0,0.03147204631587375,1664.4143105,3872.2,13199
2,2.655636351808549,0.27318465818697135,15,72,0,100,0,0.017238477176727773,1664.4139975,3837.0,13199
3,2.655636351808549,0.2732561802870306,19,100,0,100,0,0.017238477176727773,1664.4139975,3844.3,13199
4,2.655636351808549,0.2783859105262597,23,100,0,100,0,0.00922616493661188,1664.4139975,3834.4,13199
5,2.655636351808549,0.28070919403824357,25,100,0,100,0,0.00922396594160757,1664.4139975,3836.8,13199
6,2.655636351808549,0.2810204877459218,31,100,0,100,0,0.00922396594160757,1664.4139975,3839.5,13199
7,2.655636351808549,0.2811319969980661,38,100,0,100,0,0.005235987869657954,1664.413841,3837.3,13199
8,2.655636351808549,0.2831142682365756,47,100,0,100,0,0.005235987869657954,1664.4136845,3840.7,13199
9,2.655636351808549,0.2831629614079535,57,100,0,100,0,0.004898335913884999,1664.4136845,3844.7,13199
10,2.655636351808549,0.2848916375583008,56,100,0,100,0,0.004295278306000405,1664.4136845,3840.2,13199
