gen,batch_baseline_loss,hypervolume,front_size,n_feasible,n_parents,n_offspring,n_reused,best_delta_loss,min_size_mb,seconds,peak_gpu_mb
1,2.885351407452217,0.31510600150236273,14,42,0,100,0,0.00629914418394284,270.089468625,471.0,5111
2,2.885351407452217,0.31911032131899225,21,100,0,100,0,0.00629914418394284,245.400612,463.6,5111
3,2.885351407452217,0.3278122676746976,34,100,0,100,0,0.00629914418394284,245.400612,460.5,5111
4,2.885351407452217,0.34370047590449493,43,100,0,100,0,0.00629914418394284,239.333109125,459.9,5111
5,2.885351407452217,0.3517265904541541,54,100,0,100,0,0.00629914418394284,239.333109125,460.2,5111
6,2.885351407452217,0.3556011627131098,75,100,0,100,0,0.00629914418394284,239.333109125,460.6,5111
7,2.885351407452217,0.3565425526831711,89,100,0,100,0,0.00629914418394284,239.333109125,460.7,5111
8,2.885351407452217,0.35827999653102366,100,100,0,100,0,0.00629914418394284,239.333109125,460.7,5111
9,2.885351407452217,0.3596903388296722,100,100,0,100,0,0.00629914418394284,239.333109125,460.8,5111
10,2.885351407452217,0.35998533993696474,100,100,0,100,0,0.00629914418394284,239.333109125,461.0,5111
11,2.885351407452217,0.36055129109577366,100,100,0,100,0,0.00629914418394284,239.327103625,461.3,5111
12,2.885351407452217,0.361063178098708,100,100,0,100,0,0.00629914418394284,239.327103625,484.2,5111
13,2.885351407452217,0.3618148923657924,100,100,0,100,0,0.00629914418394284,239.058324125,462.8,5111
14,2.885351407452217,0.36268328673019573,100,100,0,100,1,0.00629914418394284,239.031847625,456.6,5111
15,2.885351407452217,0.362992488084824,100,100,0,100,0,0.00629914418394284,238.676344625,461.2,5111
16,2.885351407452217,0.3633818545579935,100,100,0,100,0,0.00629914418394284,238.490916625,461.4,5111
17,2.885351407452217,0.36351511581407076,100,100,0,100,0,0.004292781142182012,238.490916625,461.2,5111
18,2.885351407452217,0.36433779247396286,99,100,0,100,0,0.004292781142182012,238.290961625,461.1,5111
19,2.885351407452217,0.3646545520747891,100,100,0,100,0,0.0035143070938414844,238.290961625,460.9,5111
20,2.885351407452217,0.3649026597820688,100,100,0,100,0,0.0035143070938414844,238.290961625,461.3,5111
21,2.885351407452217,0.36498325546544574,100,100,0,100,0,0.0035143070938414844,238.290961625,461.2,5111
22,2.885351407452217,0.36607512839027484,100,100,0,100,0,0.0035143070938414844,237.551886625,461.1,5111
23,2.885351407452217,0.3662522587161294,100,100,0,100,0,0.0035143070938414844,235.599738125,461.0,5111
24,2.885351407452217,0.366335902988371,100,100,0,100,0,0.0032614599394693577,235.599738125,467.3,5111
25,2.885351407452217,0.36651887910288244,100,100,0,100,0,0.0032614599394693577,235.599738125,466.7,5111
26,2.885351407452217,0.3666204192620486,100,100,0,100,0,0.0032614599394693577,235.599738125,461.3,5111
27,2.885351407452217,0.3666545108046259,100,100,0,100,0,0.0032614599394693577,235.599738125,461.5,5111
28,2.885351407452217,0.3667440887997931,100,100,0,100,0,0.003239007827766205,235.599738125,461.3,5111
29,2.885351407452217,0.36677228726120287,100,100,0,100,0,0.003239007827766205,235.599738125,461.2,5111
30,2.885351407452217,0.3668844635396231,100,100,0,100,0,0.003239007827766205,235.599738125,461.3,5111
31,2.885351407452217,0.36690271724403906,100,100,0,100,0,0.003239007827766205,235.599738125,461.3,5111
32,2.885351407452217,0.3670763753940971,100,100,0,100,0,0.003239007827766205,235.599738125,461.4,5111
33,2.885351407452217,0.3671210718061915,100,100,0,100,0,0.003239007827766205,235.599738125,461.1,5111
34,2.885351407452217,0.3671778896077261,100,100,0,100,0,0.003239007827766205,235.599738125,461.0,5111
35,2.885351407452217,0.3671714971879658,100,100,0,100,0,0.003239007827766205,235.599738125,461.3,5111
36,2.885351407452217,0.3672355719253686,100,100,0,100,1,0.003239007827766205,235.599738125,456.7,5111
37,2.885351407452217,0.36727372409353304,100,100,0,100,0,0.0031536271878431776,235.599738125,461.6,5111
38,2.885351407452217,0.3673060706279271,100,100,0,100,0,0.0031536271878431776,235.599738125,461.3,5111
39,2.885351407452217,0.3676248004003375,100,100,0,100,0,0.0031536271878431776,235.599738125,461.4,5111
40,2.885351407452217,0.36766532948801706,100,100,0,100,0,0.0031536271878431776,235.599738125,461.4,5111
41,2.885351407452217,0.36764553192881394,100,100,0,100,0,0.0031536271878431776,235.599738125,465.7,5111
42,2.885351407452217,0.36765224930885737,100,100,0,100,0,0.0030373711672186943,235.599738125,461.2,5111
43,2.885351407452217,0.36766868935617747,100,100,0,100,0,0.0030373711672186943,235.593998125,461.4,5111
44,2.885351407452217,0.3676929953415981,100,100,0,100,0,0.0030373711672186943,235.593998125,461.5,5111
45,2.885351407452217,0.36768436617906836,100,100,0,100,0,0.0030373711672186943,235.593998125,461.2,5111
46,2.885351407452217,0.3678391186225443,100,100,0,100,0,0.0030373711672186943,235.593998125,461.5,5111
47,2.885351407452217,0.36774365348643706,100,100,0,100,0,0.0030373711672186943,235.593998125,461.3,5111
48,2.885351407452217,0.3677576118490889,100,100,0,100,0,0.0030373711672186943,235.309305125,461.3,5111
49,2.885351407452217,0.3678369971118583,100,100,0,100,0,0.0030373711672186943,235.309305125,461.4,5111
50,2.885351407452217,0.36790249106534273,100,100,0,100,0,0.0030373711672186943,235.309305125,461.1,5111
