gen,batch_baseline_loss,hypervolume,front_size,n_parents,n_offspring,n_reused,best_loss_increase,min_size_mb,seconds,peak_gpu_mb
1,2.7249708725676625,0.3327361648739212,14,0,100,57,0.0020841149174457563,362.897675,74.0,3283
2,2.9011799503747784,0.3378725471051989,26,100,100,0,0.004465932836747122,322.587591125,553.2,3283
3,2.737585550645696,0.3513136787039222,30,100,100,0,0.0019442203107815637,322.587591125,697.2,3283
4,2.9859870023158757,0.3533197942011471,48,100,100,0,-7.872520886786916e-05,322.587591125,417.0,3283
5,3.1734142284822138,0.35873992614958594,47,100,100,0,0.0007025307574228812,320.56971225,333.5,3283
6,2.613843304437393,0.3575375467637492,66,100,100,0,0.002511211853922113,320.56971225,333.4,3283
7,3.3037717340046124,0.3645871104945998,77,100,100,0,0.0018873168110031813,320.522414125,333.3,3283
8,2.929677804777233,0.3632871498466721,72,100,100,0,0.0003275493722507683,320.522414125,334.2,3283
9,2.8397750481599005,0.36523071001249413,85,100,100,0,0.00011404565119432775,320.448198875,425.6,3283
10,3.238664882507026,0.3663719531806444,89,100,100,0,0.0036253570228490517,320.448198875,405.2,3283
11,2.9883166301052357,0.3656941358620225,84,100,100,0,0.0014560733023278871,320.448198875,333.7,3283
12,3.1830291300575055,0.36807397661261315,99,100,100,0,0.0029468405864339076,320.448198875,333.7,3283
13,3.3956162796691713,0.3645769217532004,100,100,100,0,0.0009188088037634934,320.448198875,333.7,3283
14,3.455695039482527,0.37547524159133566,98,100,100,0,0.004863302728647323,320.448198875,333.6,3283
15,3.312672873279799,0.3702494639629008,100,100,100,0,0.0030146474828933734,320.448198875,333.6,3283
16,2.5508966380666545,0.36814282224873196,100,100,100,0,0.00020579229002493094,320.448198875,334.6,3283
17,2.983036074820152,0.3674236541782732,100,100,100,0,0.002976343895100264,320.448198875,333.6,3283
18,2.841414853391526,0.37016363910639544,100,100,100,0,0.001597444565997641,320.448198875,333.2,3283
19,2.5486389637459523,0.37410913309400445,100,100,100,0,0.0038798789940739375,320.448198875,333.2,3283
20,3.01239595385241,0.37691430873224,100,100,100,0,0.002733157876649628,320.448198875,333.1,3283
21,3.26065379689982,0.37452339484923886,97,100,100,0,0.0018524140090416807,320.448198875,333.2,3283
22,3.6128973191784275,0.37955390558975644,100,100,100,0,0.0005625914035771729,320.448198875,333.1,3283
23,2.9599529725016036,0.3792449234903819,100,100,100,0,0.0017544773433684213,320.448198875,333.2,3283
24,3.2030280477723303,0.38031800696059315,95,100,100,0,-0.0008079252867640996,320.448198875,333.2,3283
25,3.340613252373152,0.38183365641771505,100,100,100,0,0.0017664994195989436,320.448198875,333.2,3283
26,2.5920319599140424,0.38050288353392786,88,100,100,0,0.0016992998729121744,320.448198875,333.3,3283
27,3.2692497603937563,0.3802063857502367,100,100,100,0,0.0018838861937160445,320.448198875,333.3,3283
28,2.846029152968063,0.37666170969165225,100,100,100,0,0.002785392753772431,320.448198875,333.3,3283
29,2.7786107217111895,0.3755445861303615,100,100,100,0,0.0019228759049672028,320.448198875,333.4,3283
30,2.8995781653321266,0.378969326829513,100,100,100,0,0.0027213147891465006,320.448198875,333.2,3283
31,2.9588558610932916,0.38200000887530755,100,100,100,0,0.001635181356152593,320.448198875,333.3,3283
32,2.7497349176938233,0.37723542725767784,99,100,100,0,0.0005615174712092497,320.448198875,333.3,3283
33,2.8011581256825435,0.37873468760531,100,100,100,0,0.0020580273103387725,320.448198875,333.3,3283
34,3.4071156491515455,0.3798946481078089,98,100,100,0,0.0011441257808684213,320.448198875,333.3,3283
35,2.814478272916285,0.3764505889742714,97,100,100,0,0.0015683141505147269,320.448198875,333.4,3283
36,3.025681272862827,0.3826692505355756,100,100,100,0,0.00152587890625,320.448198875,333.4,3283
37,3.2561274106201887,0.3822170863751565,100,100,100,0,0.0022360166846131513,320.448198875,333.3,3283
38,3.311793352501833,0.3840398585149193,100,100,100,0,0.004161398431772323,320.448198875,333.2,3283
39,2.5071584677300027,0.37973737783384626,100,100,100,0,0.0011617710863043307,320.448198875,333.4,3283
40,2.955650053648888,0.3798701686326768,96,100,100,0,0.002279839091520408,320.448198875,333.2,3283
41,3.0596543775392533,0.38045415028334595,100,100,100,0,0.0024383336101694297,320.448198875,333.3,3283
42,3.347068093039773,0.38453547887443473,100,100,100,0,0.00048756529508775515,320.448198875,333.3,3283
43,3.1773326347999906,0.3772700597467964,100,100,100,0,0.0029298366572736434,320.448198875,333.4,3283
44,3.1420526439260295,0.3804955876437827,96,100,100,0,0.0006968329495813386,320.448198875,333.3,3283
45,3.1429791194136425,0.38023638533381837,100,100,100,0,0.002979953501114796,320.448198875,333.2,3283
46,3.048903419591581,0.3816913857779189,100,100,100,0,0.0020977777236832473,320.448198875,333.4,3283
47,2.8706151043098576,0.3854681890197305,100,100,100,0,0.0021531598192741086,320.448198875,333.3,3283
48,2.6624052433673935,0.37794018796368295,100,100,100,0,0.0029447822160619808,320.448198875,333.1,3283
49,2.701000433630025,0.37793697976503277,100,100,100,0,0.002799294211647929,320.448198875,333.3,3283
50,3.045762107752169,0.3814201463318252,100,100,100,0,0.002632804863147431,320.448198875,333.3,3283
51,2.8912328158888534,0.3853083425207384,100,100,100,0,0.001341878493859916,320.448198875,333.3,3283
52,2.941111932868249,0.38341115608369786,100,100,100,0,0.00020938698031214287,320.448198875,333.2,3283
53,3.1329748129448465,0.3822326333457053,100,100,100,0,0.0014384130811646578,320.448198875,333.4,3283
54,3.226792112706577,0.37716782128700144,100,100,100,0,0.000303594714152311,320.448198875,333.4,3283
55,2.8179213000882055,0.3780680125570464,100,100,100,0,0.001867657882377305,320.448198875,333.3,3283
56,2.6969745744125353,0.3805262646352557,100,100,100,0,0.001427599178847494,320.448198875,333.2,3283
57,2.703995123869746,0.3826123733643284,100,100,100,0,0.0012833491798018848,320.448198875,333.3,3283
58,2.654936133242073,0.37941484035015854,100,100,100,0,0.002073390509492512,320.448198875,333.3,3283
59,2.9822782067143208,0.381787288224718,100,100,100,0,0.0018556954690551741,320.448198875,333.3,3283
60,2.990278167575452,0.3829170404282052,100,100,100,0,-0.0004347039574170708,320.448198875,333.2,3283
61,2.860320686944419,0.38395991684988434,100,100,100,0,0.00012177199795360139,320.448198875,333.3,3283
62,2.566607135015732,0.38317519653365467,100,100,100,0,0.001548297244432728,320.448198875,333.2,3283
63,3.082382485547257,0.3837006509210744,100,100,100,0,0.0031073039810909364,320.448198875,333.3,3283
64,2.701732229044477,0.38267883643687545,100,100,100,0,-0.0008525233114919928,320.448198875,333.3,3283
65,2.9372216128650415,0.37954324799072403,100,100,100,0,-0.001670621124297167,320.448198875,333.4,3283
66,3.019826372581027,0.3820998241676483,97,100,100,0,0.0015357232862904802,320.448198875,333.3,3283
67,2.9108119752050494,0.38176738744289557,100,100,100,0,0.0004656093444528331,320.448198875,333.3,3283
68,3.003217650531907,0.3842820272110653,100,100,100,0,0.0011006911828719268,320.448198875,333.2,3283
69,3.4588274615484482,0.3894348467128647,94,100,100,0,-0.0003351563931910384,320.448198875,333.3,3283
70,2.918844601509042,0.38637887555281647,100,100,100,0,0.0019354647788367707,320.448198875,333.4,3283
71,2.553599069544996,0.3843426438397997,100,100,100,0,0.002014413723614883,320.448198875,333.3,3283
72,2.973233264911909,0.3833776678728523,100,100,100,0,0.0010089296283144478,320.448198875,333.4,3283
73,2.9716485732927818,0.38092862558040536,100,100,100,0,-0.0015170189642139675,320.448198875,333.2,3283
74,2.9010167723177465,0.38715768963678887,100,100,100,0,0.0004842987508020258,320.448198875,333.3,3283
75,3.2607043015525723,0.3838594940123554,100,100,100,0,0.0001378213205645018,320.448198875,333.4,3283
76,2.8913613894584707,0.38133262262181666,100,100,100,0,0.0011990454889114766,320.448198875,333.5,3283
77,2.7147902696596447,0.3815513309323353,100,100,100,0,0.0013032243864743442,320.448198875,333.3,3283
78,3.392557958936645,0.3849288158995797,100,100,100,0,-0.0007055437343446158,320.448198875,333.2,3283
79,3.323842724513914,0.38726808859518697,100,100,100,0,0.002068274415017335,320.448198875,333.4,3283
80,2.810347019169454,0.3834156478115611,100,100,100,0,0.0003462835257819208,320.448198875,333.3,3283
81,2.9447412574745693,0.38537328067447446,100,100,100,0,0.0017353852123807023,320.448198875,333.2,3283
82,3.528817274703308,0.39226022406957256,100,100,100,0,0.0023100583550985654,320.448198875,333.1,3283
83,3.0162086524105725,0.383066647809757,100,100,100,0,0.0013674142190556182,320.448198875,333.3,3283
84,2.6229511607776987,0.38598810857148086,100,100,100,0,0.0016372844737064796,320.448198875,333.2,3283
85,2.8993799651473147,0.3840860670683854,100,100,100,0,0.0003136180829210744,320.448198875,333.6,3283
86,3.1756691732248137,0.39111592241429993,100,100,100,0,0.0009867648574961585,320.448198875,336.1,3283
87,3.0506904132205372,0.3876617026122931,100,100,100,0,0.0016875057276388716,320.448198875,335.7,3283
88,3.036776724449001,0.38191541187371814,100,100,100,0,0.002389395108786996,320.448198875,338.1,3283
89,3.0483871862685574,0.3850464170748914,100,100,100,0,0.0019986179683684213,320.448198875,337.7,3283
90,2.9089558919270835,0.3857404592579829,100,100,100,0,0.0012677771604652222,320.448198875,343.7,3283
91,2.748502043335319,0.38255646006189253,100,100,100,0,0.003244976144382239,320.448198875,341.4,3283
92,2.8737892904123137,0.3856367940654449,100,100,100,0,0.0006324119232266057,320.448198875,376.4,3283
93,3.199449973605129,0.3881336078497122,100,100,100,0,3.5618756873301294e-05,320.448198875,343.0,3283
94,3.082506256252673,0.3875999997858897,100,100,100,0,0.0026762394611439255,320.448198875,341.0,3283
95,2.982247211832921,0.386342253962278,100,100,100,0,0.0014796103200604982,320.448198875,343.8,3283
96,3.418335497903684,0.38634254784457267,100,100,100,0,0.0007808681573804321,320.448198875,339.5,3283
97,3.0980285167227977,0.38890850366361485,100,100,100,0,0.0010219958054586975,320.448198875,339.7,3283
98,2.984234240281151,0.3825689676653113,100,100,100,0,0.0015390793249401291,320.448198875,340.3,3283
99,2.8725916470017716,0.38677012104158,100,100,100,0,0.001249848456210234,320.448198875,340.2,3283
100,3.2533952968444524,0.38534343416339284,100,100,100,0,0.0010326158033207022,320.448198875,340.1,3283
