gen,baseline_loss
1,2.7249708725676625
2,2.9011799503747784
3,2.737585550645696
4,2.9859870023158757
5,3.1734142284822138
6,2.613843304437393
7,3.3037717340046124
8,2.929677804777233
9,2.8397750481599005
10,3.238664882507026
11,2.9883166301052357
12,3.1830291300575055
13,3.3956162796691713
14,3.455695039482527
15,3.312672873279799
16,2.5508966380666545
17,2.983036074820152
18,2.841414853391526
19,2.5486389637459523
20,3.01239595385241
21,3.26065379689982
22,3.6128973191784275
23,2.9599529725016036
24,3.2030280477723303
25,3.340613252373152
26,2.5920319599140424
27,3.2692497603937563
28,2.846029152968063
29,2.7786107217111895
30,2.8995781653321266
31,2.9588558610932916
32,2.7497349176938233
33,2.8011581256825435
34,3.4071156491515455
35,2.814478272916285
36,3.025681272862827
37,3.2561274106201887
38,3.311793352501833
39,2.5071584677300027
40,2.955650053648888
41,3.0596543775392533
42,3.347068093039773
43,3.1773326347999906
44,3.1420526439260295
45,3.1429791194136425
46,3.048903419591581
47,2.8706151043098576
48,2.6624052433673935
49,2.701000433630025
50,3.045762107752169
51,2.8912328158888534
52,2.941111932868249
53,3.1329748129448465
54,3.226792112706577
55,2.8179213000882055
56,2.6969745744125353
57,2.703995123869746
58,2.654936133242073
59,2.9822782067143208
60,2.990278167575452
61,2.860320686944419
62,2.566607135015732
63,3.082382485547257
64,2.701732229044477
65,2.9372216128650415
66,3.019826372581027
67,2.9108119752050494
68,3.003217650531907
69,3.4588274615484482
70,2.918844601509042
71,2.553599069544996
72,2.973233264911909
73,2.9716485732927818
74,2.9010167723177465
75,3.2607043015525723
76,2.8913613894584707
77,2.7147902696596447
78,3.392557958936645
79,3.323842724513914
80,2.810347019169454
81,2.9447412574745693
82,3.528817274703308
83,3.0162086524105725
84,2.6229511607776987
85,2.8993799651473147
86,3.1756691732248137
87,3.0506904132205372
88,3.036776724449001
89,3.0483871862685574
90,2.9089558919270835
91,2.748502043335319
92,2.8737892904123137
93,3.199449973605129
94,3.082506256252673
95,2.982247211832921
96,3.418335497903684
97,3.0980285167227977
98,2.984234240281151
99,2.8725916470017716
100,3.2533952968444524
