gen,batch_baseline_loss,hypervolume,front_size,n_parents,n_offspring,n_reused,best_delta_loss,min_size_mb,seconds,peak_gpu_mb
1,2.885351407452217,0.3299600914035871,17,0,100,19,0.004527067287875219,362.898053,368.6,4839
2,2.885351407452217,0.34054455520152604,21,0,100,0,0.004527067287875219,348.3543965,454.1,4839
3,2.885351407452217,0.3449750475851826,32,0,100,0,0.004527067287875219,348.3393895,459.6,4839
4,2.885351407452217,0.35436582099132696,40,0,100,0,0.003875150992687093,322.59806025,464.2,4839
5,2.885351407452217,0.36046584395455017,52,0,100,0,0.0038169335317306263,320.59616025,467.9,4839
6,2.885351407452217,0.3636005739066428,65,0,100,0,0.0038169335317306263,320.482378375,1139.3,4839
7,2.885351407452217,0.3668656759060551,73,0,100,0,0.0038169335317306263,320.448324875,1039.9,4839
8,2.885351407452217,0.3672758917717443,81,0,100,0,0.0038169335317306263,320.448324875,798.5,4839
9,2.885351407452217,0.36967123849484945,97,0,100,0,0.0038169335317306263,320.448324875,455.3,4839
10,2.885351407452217,0.3700320551163148,100,0,100,0,0.0038169335317306263,320.448324875,456.0,4839
11,2.885351407452217,0.37056556704254917,100,0,100,0,0.0038169335317306263,320.448324875,453.2,4839
12,2.885351407452217,0.3713963489617253,100,0,100,0,0.0038169335317306263,320.448324875,457.0,4839
13,2.885351407452217,0.37297187214278815,100,0,100,0,0.0038169335317306263,320.448324875,463.1,4839
14,2.885351407452217,0.37347358392578844,100,0,100,0,0.0038169335317306263,320.448324875,459.1,4839
15,2.885351407452217,0.374208147196829,100,0,100,0,0.0038169335317306263,320.448324875,456.1,4839
16,2.885351407452217,0.37428970438624576,100,0,100,0,0.0038169335317306263,320.448324875,461.0,4839
17,2.885351407452217,0.37488517442802766,100,0,100,0,0.0038169335317306263,320.448324875,453.6,4839
18,2.885351407452217,0.37601151184588616,100,0,100,0,0.0038169335317306263,320.448324875,453.4,4839
19,2.885351407452217,0.37610881984229083,100,0,100,0,0.0038169335317306263,320.448324875,454.7,4839
20,2.885351407452217,0.3769835281777646,100,0,100,0,0.00294121172466566,320.448324875,454.1,4839
21,2.885351407452217,0.377077681048577,100,0,100,0,0.00294121172466566,320.448324875,453.6,4839
22,2.885351407452217,0.3773442683132466,100,0,100,0,0.00294121172466566,320.448324875,453.4,4839
23,2.885351407452217,0.37751922443885527,100,0,100,0,0.00294121172466566,320.448324875,454.3,4839
24,2.885351407452217,0.377586034462642,100,0,100,0,0.00294121172466566,320.448324875,453.7,4839
25,2.885351407452217,0.37798834441671403,100,0,100,0,0.002906281248091336,320.448324875,453.8,4839
26,2.885351407452217,0.3780958057757973,100,0,100,0,0.002777934482054434,320.448324875,454.4,4839
27,2.885351407452217,0.3782830570854772,100,0,100,0,0.0020436043266438553,320.448324875,453.6,4839
28,2.885351407452217,0.3791622453961095,100,0,100,0,0.0020436043266438553,320.448324875,454.0,4839
29,2.885351407452217,0.3791656276402633,100,0,100,0,0.0020436043266438553,320.448324875,453.3,4839
30,2.885351407452217,0.37924838914734155,100,0,100,0,0.0020436043266438553,320.448324875,453.4,4839
31,2.885351407452217,0.37957721456575455,100,0,100,0,0.0020436043266438553,320.448324875,453.1,4839
32,2.885351407452217,0.37976464363792434,100,0,100,0,0.0020436043266438553,320.448324875,453.4,4839
33,2.885351407452217,0.379823843704336,100,0,100,0,0.0017885358146063624,320.448324875,453.6,4839
34,2.885351407452217,0.3800811736111385,100,0,100,0,0.0017885358146063624,320.448324875,453.7,4839
35,2.885351407452217,0.38021309013778837,100,0,100,0,0.0017885358146063624,320.448324875,453.7,4839
36,2.885351407452217,0.3804595678000152,100,0,100,1,0.0017885358146063624,320.448324875,449.0,4839
37,2.885351407452217,0.3804414775925628,100,0,100,0,0.0017885358146063624,320.448324875,453.8,4839
38,2.885351407452217,0.3805034323118133,100,0,100,1,0.0017885358146063624,320.448324875,449.0,4839
39,2.885351407452217,0.3805418167024311,100,0,100,0,0.0017885358146063624,320.448324875,453.1,4839
40,2.885351407452217,0.38058141224686404,100,0,100,0,0.0017121747813106936,320.448324875,453.4,4839
41,2.885351407452217,0.3809501354334453,100,0,100,0,0.0017121747813106936,320.448324875,453.7,4839
42,2.885351407452217,0.3812361050830611,100,0,100,0,0.0017121747813106936,320.448324875,453.0,4839
43,2.885351407452217,0.38133487534813165,100,0,100,0,0.0017121747813106936,320.448324875,454.0,4839
44,2.885351407452217,0.3813605513266659,100,0,100,0,0.0017121747813106936,320.448324875,453.3,4839
45,2.885351407452217,0.38140211280830244,100,0,100,0,0.0017121747813106936,320.448324875,453.2,4839
46,2.885351407452217,0.3813505836302901,100,0,100,0,0.0017121747813106936,320.448324875,453.8,4839
47,2.885351407452217,0.38136752244704447,100,0,100,0,0.0009550048947390977,320.448324875,453.1,4839
48,2.885351407452217,0.38148586843645277,100,0,100,0,0.0009550048947390977,320.448324875,453.4,4839
49,2.885351407452217,0.3815454806723261,100,0,100,0,0.0009550048947390977,320.448324875,452.9,4839
50,2.885351407452217,0.38158705630929185,100,0,100,0,0.0009550048947390977,320.448324875,453.2,4839
